{"cameraMode":{"drawMode":0,"name":"Shaded","section":"Shading Mode"},"sceneLighting":true,"audioPlay":false,"sceneViewState":{"showFog":true,"showMaterialUpdate":true,"showSkybox":true,"showFlares":true,"showImageEffects":true,"showParticleSystems":true},"in2DMode":false,"pivot":{"x":4.10762882232666,"y":1.6149790287017823,"z":2.065761089324951},"rotation":{"x":0.21519505977630616,"y":-0.007324093021452427,"z":0.0016140667721629143,"w":0.9765433073043823},"size":8.094268798828125,"orthographic":true}