{"cameraMode":{"drawMode":0,"name":"Shaded","section":"Shading Mode"},"sceneLighting":true,"audioPlay":false,"sceneViewState":{"showFog":true,"showMaterialUpdate":true,"showSkybox":true,"showFlares":true,"showImageEffects":true,"showParticleSystems":true},"in2DMode":false,"pivot":{"x":0.309999942779541,"y":1.8243087530136109,"z":2.770000696182251},"rotation":{"x":0.3465419113636017,"y":0.02391611412167549,"z":-0.008839061483740807,"w":0.937693178653717},"size":15.126934051513672,"orthographic":true}